,name,u,v
0,West 47th Street,256180896,418460342
1,West 47th Street,256180896,418456769
2,West 47th Street,256180897,418461786
3,South Christiana Avenue,256180897,261272709
4,West 47th Street,256180897,4606276640
5,South Brighton Place,256180993,261339432
6,South Archer Avenue,256180993,418468475
7,South Archer Avenue,256180993,418468129
8,West Pershing Road,256180994,261193994
9,South Archer Avenue,256180994,418468961
10,West Pershing Road,256180994,261193998
11,South Archer Avenue,256180994,418468475
12,South Kedzie Avenue,261092783,261107943
13,,261092785,261092783
14,,261092787,261092785
15,,261107943,261107945
16,South Kedzie Avenue,261107943,261092783
17,South Kedzie Avenue,261107943,261132012
18,,261107945,261110959
19,,261110959,5087655868
20,,261110959,705744054
21,South California Avenue,261110961,5087655869
22,South St Louis Avenue,261116689,261116691
23,South St Louis Avenue,261116689,418455856
24,West 47th Place,261116689,261329716
25,West 47th Place,261116689,261302316
26,South St Louis Avenue,261116691,261116689
27,West 48th Place,261116691,261249391
28,South St Louis Avenue,261116691,261116692
29,West 48th Place,261116691,261249385
30,South St Louis Avenue,261116692,261116691
31,South Saint Louis Avenue,261116699,2203298433
32,South Saint Louis Avenue,261116699,261116700
33,West 38th Street,261116699,261169865
34,West 38th Street,261116699,3270264066
35,West 38th Place,261116700,261169866
36,West 38th Place,261116700,261335645
37,South Saint Louis Avenue,261116700,261116701
38,South Saint Louis Avenue,261116700,261116699
39,West Pershing Road,261116701,261169867
40,West Pershing Road,261116701,3200955979
41,South Saint Louis Avenue,261116701,261116700
42,South Saint Louis Avenue,261116784,261116785
43,West 43rd Street,261116784,261198056
44,West 43rd Street,261116784,261184375
45,South Saint Louis Avenue,261116785,261116786
46,West 44th Street,261116785,261198057
47,West 44th Street,261116785,261184376
48,West 45th Street,261116786,261198058
49,West 45th Street,261116786,261184377
50,South Saint Louis Avenue,261116786,418462352
51,"['West 48th Place', 'South Whipple Street']",261131950,418460744
52,South Kedzie Avenue,261131950,261131951
53,West 48th Place,261131951,261249385
54,South Kedzie Avenue,261131951,261131953
55,South Kedzie Avenue,261131951,261131950
56,West 47th Place,261131953,4606276639
57,South Kedzie Avenue,261131953,418456252
58,South Kedzie Avenue,261131953,261131951
59,South Kedzie Avenue,261131955,261131956
60,South Kedzie Avenue,261131955,418456252
61,West 46th Street,261131955,261231189
62,South Kedzie Avenue,261131956,261131958
63,West 45th Street,261131956,261199215
64,South Kedzie Avenue,261131956,261131955
65,South Kedzie Avenue,261131958,261131956
66,West 45th Street,261131958,261223152
67,South Kedzie Avenue,261131958,261131959
68,South Kedzie Avenue,261131959,418465382
69,South Kedzie Avenue,261131959,261131958
70,West 44th Street,261131959,261231187
71,South Kedzie Avenue,261131962,261131963
72,South Kedzie Avenue,261131962,418465382
73,West 43rd Street,261131962,261199259
74,West 43rd Street,261131962,418465614
75,West 42nd Place,261131963,261284673
76,South Kedzie Avenue,261131963,261131964
77,South Kedzie Avenue,261131963,261131962
78,South Kedzie Avenue,261131964,261131967
79,South Kedzie Avenue,261131964,261131963
80,West 41st Place,261131967,261167118
81,South Kedzie Avenue,261131967,261131968
82,South Kedzie Avenue,261131967,261131964
83,West 41st Street,261131968,261297091
84,South Kedzie Avenue,261131968,261131969
85,South Kedzie Avenue,261131968,261131967
86,South Kedzie Avenue,261131969,261131980
87,South Kedzie Avenue,261131969,261131968
88,West 40th Street,261131980,261339428
89,South Kedzie Avenue,261131980,261131987
90,South Kedzie Avenue,261131980,261131969
91,South Kedzie Avenue,261131987,261131993
92,South Kedzie Avenue,261131987,261131980
93,West Pershing Road,261131993,261194003
94,West Pershing Road,261131993,261194001
95,South Kedzie Avenue,261131993,261132000
96,South Kedzie Avenue,261131993,261131987
97,South Kedzie Avenue,261132000,261132001
98,South Kedzie Avenue,261132000,261131993
99,West 38th Place,261132000,261213371
100,West 38th Street,261132001,261204052
101,South Kedzie Avenue,261132001,261132000
102,South Kedzie Avenue,261132001,261132002
103,West 38th Street,261132001,261204053
104,West 37th Place,261132002,261154076
105,West 37th Place,261132002,261154075
106,South Kedzie Avenue,261132002,261132006
107,South Kedzie Avenue,261132002,261132001
108,West 36th Place,261132006,261213566
109,South Kedzie Avenue,261132006,261132012
110,South Kedzie Avenue,261132006,261132002
111,West 36th Street,261132012,261340477
112,South Kedzie Avenue,261132012,261107943
113,South Kedzie Avenue,261132012,261132006
114,West 36th Street,261132012,1895426602
115,South California Avenue,261135276,261142065
116,"['South Fairfield Avenue', 'West 48th Street']",261135276,418458953
117,South California Avenue,261135276,261142068
118,South Talman Avenue,261135279,418458590
119,West 48th Street,261135279,261135280
120,"['West 48th Street', 'South Washtenaw Avenue']",261135279,418458562
121,South Rockwell Street,261135280,3903672039
122,West 48th Street,261135280,261135281
123,West 48th Street,261135280,261135279
124,South Rockwell Street,261135280,418458131
125,South Maplewood Avenue,261135281,418458053
126,West 48th Street,261135281,261135282
127,West 48th Street,261135281,261135280
128,South Campbell Avenue,261135282,261201158
129,West 48th Street,261135282,261135283
130,West 48th Street,261135282,261135281
131,South Western Avenue,261135283,2293272240
132,West 48th Street,261135283,261135282
133,South Western Avenue,261135283,261295805
134,South California Avenue,261142044,5087655873
135,West 35th Street,261142044,261170350
136,South California Avenue,261142044,5087655869
137,West 35th Place,261142045,261271623
138,South California Avenue,261142045,5087655873
139,South California Avenue,261142045,261142046
140,West 36th Street,261142046,261271624
141,South California Avenue,261142046,261142047
142,South California Avenue,261142046,261142045
143,West 36th Place,261142047,261213564
144,South California Avenue,261142047,261142050
145,South California Avenue,261142047,261142046
146,West 36th Place,261142047,261164013
147,South California Avenue,261142050,261142051
148,South California Avenue,261142050,261142047
149,West 37th Place,261142050,261154091
150,South California Avenue,261142051,261142052
151,South California Avenue,261142051,261142050
152,West 38th Street,261142051,261164014
153,West 38th Street,261142051,261204049
154,West 38th Place,261142052,261164015
155,South California Avenue,261142052,261142053
156,South California Avenue,261142052,261142051
157,West 38th Place,261142052,261271627
158,West Pershing Road,261142053,261164016
159,West Pershing Road,261142053,261193998
160,South California Avenue,261142053,7625126088
161,South California Avenue,261142053,261142052
162,South California Avenue,261142054,261142055
163,South California Avenue,261142054,7625126088
164,West 39th Place,261142054,418468475
165,South California Avenue,261142055,261142054
166,South California Avenue,261142055,261142056
167,South California Avenue,261142056,418471135
168,West 40th Place,261142056,261164019
169,South California Avenue,261142056,261142055
170,West 41st Street,261142058,418471596
171,South California Avenue,261142058,261142059
172,South California Avenue,261142058,418471135
173,West 42nd Street,261142059,261163830
174,South California Avenue,261142059,261142060
175,South California Avenue,261142059,261142058
176,West 42nd Street,261142059,261163831
177,West Pope John Paul II Drive,261142060,261259823
178,South California Avenue,261142060,261142061
179,South California Avenue,261142060,261142059
180,West 44th Street,261142061,261259825
181,West 44th Street,261142061,261309000
182,South California Avenue,261142061,261142062
183,South California Avenue,261142061,261142060
184,West 45th Street,261142062,261223148
185,West 45th Street,261142062,261223149
186,South California Avenue,261142062,261142063
187,South California Avenue,261142062,261142061
188,South California Avenue,261142063,418456769
189,South California Avenue,261142063,261142062
190,West 46th Street,261142063,261259827
191,West 46th Street,261142063,261272706
192,South California Avenue,261142065,261135276
193,West 47th Place,261142065,418459380
194,South California Avenue,261142065,418456769
195,"['South Richmond Street', 'West 48th Place']",261142068,418460432
196,South California Avenue,261142068,261135276
197,South Western Avenue,261148326,261272702
198,West 46th Place,261148326,261148327
199,South Western Avenue,261148326,418457154
200,South Rockwell Street,261148327,261272704
201,South Rockwell Street,261148327,418458131
202,South Spaulding Avenue,261154071,261204053
203,South Spaulding Avenue,261154071,261213370
204,West 37th Place,261154072,261154071
205,South Homan Avenue,261154072,538475024
206,West 37th Place,261154072,261154073
207,South Homan Avenue,261154072,261169865
208,West 37th Place,261154073,261154072
209,West 37th Place,261154075,261132002
210,"['West 37th Place', 'South Sacramento Avenue']",261154075,261204050
211,South Albany Avenue,261154075,261213566
212,West 37th Place,261154076,261132002
213,South Rockwell Street,261154090,261213563
214,West 37th Place,261154090,261154091
215,South Rockwell Street,261154090,261204048
216,South Washtenaw Avenue,261154091,261204049
217,West 37th Place,261154091,261154090
218,South Washtenaw Avenue,261154091,261213564
219,West 37th Place,261154091,261142050
220,South Talman Avenue,261162575,261162576
221,West 39th Place,261162575,418468475
222,West 39th Place,261162575,261256913
223,South Talman Avenue,261162576,261162577
224,South Talman Avenue,261162576,261162575
225,West 40th Street,261162576,261339432
226,South Brighton Place,261162577,261339432
227,South Talman Avenue,261162577,261162576
228,West 40th Place,261162577,261202672
229,West 42nd Street,261162578,261163828
230,West Pope John Paul II Drive,261162579,261271693
231,South Talman Avenue,261162579,261162578
232,South Talman Avenue,261162580,261162579
233,West 44th Street,261162580,261271694
234,West 44th Street,261162580,261308998
235,South Talman Avenue,261162581,261162580
236,West 45th Street,261162581,261223146
237,West 45th Street,261162581,261223147
238,South Talman Avenue,261162582,261162581
239,West 46th Street,261162582,261271695
240,West 46th Street,261162582,261272704
241,South Sacramento Avenue,261163820,418466663
242,West 42nd Street,261163820,261163821
243,South Sacramento Avenue,261163820,261167116
244,South Albany Avenue,261163821,261167118
245,West 42nd Street,261163821,261131964
246,South Western Boulevard,261163822,261284674
247,"['West 42nd Street', 'West 41st Street', 'South Oakley Avenue']",261163822,2293275898
248,South Western Boulevard,261163822,2293275898
249,South Western Avenue,261163824,261295797
250,South Western Avenue,261163824,261295799
251,South Artesian Avenue,261163825,261222150
252,West 42nd Street,261163825,261163824
253,South Campbell Avenue,261163826,261201104
254,West 42nd Street,261163826,261163825
255,South Maplewood Avenue,261163827,261336589
256,West 42nd Street,261163827,261163826
257,South Rockwell Street,261163828,261301731
258,West 42nd Street,261163828,261163827
259,South Rockwell Street,261163828,261336591
260,West 42nd Street,261163829,261162578
261,South Washtenaw Avenue,261163829,261271693
262,South Fairfield Avenue,261163830,261354822
263,West 42nd Street,261163830,261163829
264,South Mozart Street,261163831,261259823
265,West 42nd Street,261163831,261163832
266,West 42nd Street,261163831,261142059
267,South Francisco Avenue,261163832,418467152
268,West 42nd Street,261163832,261163833
269,West 42nd Street,261163832,261163831
270,South Richmond Street,261163833,261179908
271,West 42nd Street,261163833,261163832
272,South Francisco Avenue,261163988,261163832
273,West Pope John Paul II Drive,261163988,261179908
274,South Francisco Avenue,261163989,261163988
275,West 44th Street,261163989,261179909
276,West 44th Street,261163989,261259825
277,South Francisco Avenue,261163990,261163989
278,West 45th Street,261163990,261223149
279,West 45th Street,261163990,261179910
280,South Francisco Avenue,261163991,261163990
281,West 46th Street,261163991,261179911
282,West 46th Street,261163991,261259827
283,South Francisco Avenue,261164011,261164012
284,"['South Richmond Street', 'West 35th Street']",261164011,261179923
285,West 35th Street,261164011,261170352
286,South Francisco Avenue,261164012,261164013
287,South Francisco Avenue,261164012,261164011
288,West 36th Street,261164012,261259857
289,West 36th Street,261164012,261179923
290,South Francisco Avenue,261164013,261164012
291,West 36th Place,261164013,261213565
292,West 36th Place,261164013,261142047
293,West 38th Street,261164014,261204050
294,West 38th Street,261164014,261142051
295,West 38th Place,261164015,261313928
296,South Francisco Avenue,261164015,261164014
297,West Pershing Road,261164016,261193999
298,West Pershing Road,261164016,261142053
299,South Francisco Avenue,261164016,261164015
300,West 39th Place,261164017,261256915
301,South Francisco Avenue,261164017,261164016
302,West 39th Place,261164017,7625126088
303,South Francisco Avenue,261164018,261164017
304,West 40th Street,261164018,261142055
305,South Francisco Avenue,261164019,261164018
306,West 40th Place,261164019,261179926
307,West 41st Place,261167116,261167118
308,South Sacramento Avenue,261167116,261163820
309,South Sacramento Avenue,261167116,261297090
310,South Albany Avenue,261167118,261297091
311,West 41st Place,261167118,261131967
312,West 41st Place,261167118,261167116
313,West 38th Street,261169865,261204053
314,South Homan Avenue,261169865,261169866
315,West 38th Street,261169865,261116699
316,South Homan Avenue,261169865,261154072
317,West 38th Place,261169866,261116700
318,West 38th Place,261169866,261213371
319,South Homan Avenue,261169866,261169865
320,South Homan Avenue,261169866,261169867
321,West Pershing Road,261169867,261116701
322,West Pershing Road,261169867,261194003
323,South Homan Avenue,261169867,261169866
324,South Homan Avenue,261169909,418461925
325,West 46th Street,261169909,261184337
326,West 46th Street,261169909,261272709
327,South Homan Avenue,261170061,261170062
328,West 43rd Street,261170061,261184375
329,West 43rd Street,261170061,261302410
330,South Homan Avenue,261170062,261170064
331,West 44th Street,261170062,261184376
332,West 44th Street,261170062,261302411
333,West 45th Street,261170064,261184377
334,South Homan Avenue,261170064,5485497436
335,South Maplewood Avenue,261170347,261349989
336,West 35th Street,261170347,261170349
337,South Rockwell Street,261170349,261293039
338,West 35th Street,261170349,261170350
339,West 35th Street,261170349,261170347
340,South Washtenaw Avenue,261170350,261271623
341,West 35th Street,261170350,261142044
342,West 35th Street,261170350,261170349
343,South Mozart Street,261170352,261259857
344,West 35th Street,261170352,261164011
345,West 35th Street,261170352,5087655873
346,South Richmond Street,261179908,261179909
347,West Pope John Paul II Drive,261179908,261313934
348,South Richmond Street,261179909,261179910
349,West 44th Street,261179909,261309002
350,West 44th Street,261179909,261163989
351,South Richmond Street,261179910,261179911
352,West 45th Street,261179910,261163990
353,West 45th Street,261179910,261223150
354,South Richmond Street,261179911,418460432
355,West 46th Street,261179911,261272707
356,West 46th Street,261179911,261163991
357,"['South Richmond Street', 'West 35th Street']",261179923,261164011
358,West 36th Street,261179923,261164012
359,West 36th Street,261179923,261340477
360,South Richmond Street,261179926,261179927
361,West 40th Place,261179926,261202670
362,South Richmond Street,261179927,418467021
363,South Trumbull Avenue,261184337,418462530
364,West 46th Street,261184337,261169909
365,West 43rd Street,261184375,261116784
366,West 43rd Street,261184375,261170061
367,South Trumbull Avenue,261184376,261184375
368,West 44th Street,261184376,261116785
369,West 44th Street,261184376,261170062
370,South Trumbull Avenue,261184377,261184376
371,West 45th Street,261184377,261116786
372,West 45th Street,261184377,261170064
373,South Trumbull Avenue,261184377,418463721
374,South Western Boulevard,261193981,2293275898
375,West Pershing Road,261193981,261193986
376,West Pershing Road,261193986,261193981
377,South Western Avenue,261193986,261295797
378,West Pershing Road,261193986,6823889649
379,West Pershing Road,261193991,261193993
380,West Pershing Road,261193991,6823889649
381,South Artesian Avenue,261193991,261222149
382,West Pershing Road,261193993,261193991
383,South Campbell Avenue,261193993,418469311
384,West Pershing Road,261193993,261193994
385,South Rockwell Street,261193994,418468961
386,West Pershing Road,261193994,256180994
387,South Rockwell Street,261193994,261256913
388,West Pershing Road,261193994,261193993
389,West Pershing Road,261193998,261142053
390,West Pershing Road,261193998,256180994
391,West Pershing Road,261193999,261194001
392,West Pershing Road,261193999,261164016
393,South Sacramento Avenue,261193999,261313928
394,South Sacramento Avenue,261193999,261256915
395,West Pershing Road,261194001,261131993
396,West Pershing Road,261194001,261193999
397,South Albany Avenue,261194001,261335643
398,South Spaulding Avenue,261194003,261213371
399,West Pershing Road,261194003,261169867
400,West Pershing Road,261194003,261131993
401,South Whipple Street,261194740,261194741
402,West Pope John Paul II Drive,261194740,261336595
403,South Whipple Street,261194741,261194742
404,West 44th Street,261194741,261309004
405,West 44th Street,261194741,261309002
406,South Whipple Street,261194742,261194743
407,West 45th Street,261194742,261223150
408,West 45th Street,261194742,261223151
409,South Whipple Street,261194743,418460744
410,West 46th Street,261194743,261272708
411,West 46th Street,261194743,261272707
412,West 43rd Street,261198056,261116784
413,South Drake Avenue,261198057,386448200
414,West 44th Street,261198057,261116785
415,South Drake Avenue,261198058,261198057
416,West 45th Street,261198058,261116786
417,South Sawyer Avenue,261199215,418463163
418,West 45th Street,261199215,261213373
419,West 45th Street,261199215,261131956
420,South Sawyer Avenue,261199216,261199215
421,West 46th Street,261199216,2352761093
422,West 46th Street,261199216,261213374
423,West 43rd Street,261199259,261213410
424,West 43rd Street,261199259,261131962
425,South Campbell Avenue,261201101,418469311
426,West 38th Street,261201101,261204045
427,West 38th Street,261201101,418469871
428,South Campbell Avenue,261201101,537959777
429,South Campbell Avenue,261201103,261193993
430,West 39th Place,261201103,261256913
431,West 40th Street,261201104,261339433
432,West 40th Street,261201104,261222149
433,South Campbell Avenue,261201104,261201103
434,South Campbell Avenue,261201105,261163826
435,West Pope John Paul II Drive,261201105,261336589
436,West 44th Street,261201106,261308995
437,West 44th Street,261201106,261222151
438,South Campbell Avenue,261201106,261201105
439,West 45th Street,261201107,261222152
440,South Campbell Avenue,261201107,261201106
441,South Campbell Avenue,261201158,261135282
442,South Campbell Avenue,261201158,418457998
443,West 47th Place,261201158,261295805
444,West 40th Place,261202670,261202671
445,South Sacramento Avenue,261202670,261297090
446,South Sacramento Avenue,261202670,261313930
447,South Albany Avenue,261202671,261339428
448,West 40th Place,261202671,261131969
449,South Rockwell Street,261202672,261301731
450,South Rockwell Street,261202672,261339434
451,West 40th Place,261202672,261162577
452,West 38th Street,261204045,261204046
453,West 38th Street,261204045,261201101
454,South Maplewood Avenue,261204045,261350104
455,South Maplewood Avenue,261204046,261350118
456,West 38th Street,261204046,261204048
457,West 38th Street,261204046,261204045
458,South Rockwell Street,261204048,261350118
459,West 38th Street,261204048,261204046
460,South Rockwell Street,261204048,261154090
461,West 38th Street,261204048,261204049
462,West 38th Street,261204049,261142051
463,West 38th Street,261204049,261204048
464,South Washtenaw Avenue,261204049,261271627
465,West 38th Street,261204050,261164014
466,West 38th Street,261204050,261204052
467,"['South Sacramento Avenue', 'West 37th Place']",261204050,261154075
468,South Sacramento Avenue,261204050,261313928
469,South Albany Avenue,261204052,261154075
470,West 38th Street,261204052,261132001
471,West 38th Street,261204052,261204050
472,West 38th Street,261204053,261169865
473,South Spaulding Avenue,261204053,261213371
474,South Spaulding Avenue,261204053,261154071
475,West 38th Street,261204053,261132001
476,South Spaulding Avenue,261213370,261154071
477,West 38th Place,261213371,261169866
478,South Spaulding Avenue,261213371,261194003
479,South Spaulding Avenue,261213371,261204053
480,West 38th Place,261213371,261132000
481,South Spaulding Avenue,261213373,261213374
482,South Spaulding Avenue,261213373,418463071
483,West 45th Street,261213373,261199215
484,South Spaulding Avenue,261213374,418461413
485,West 46th Street,261213374,261272709
486,West 46th Street,261213374,261199216
487,West 43rd Street,261213410,261302410
488,West 43rd Street,261213410,261199259
489,South Spaulding Avenue,261213410,261213411
490,West 44th Street,261213411,261302411
491,South Spaulding Avenue,261213411,418472336
492,South Rockwell Street,261213563,261154090
493,West 36th Place,261213563,261213564
494,South Rockwell Street,261213563,261349991
495,South Washtenaw Avenue,261213564,261271624
496,West 36th Place,261213564,261142047
497,West 36th Place,261213564,261213563
498,South Washtenaw Avenue,261213564,261154091
499,South Sacramento Avenue,261213565,5197166012
500,West 36th Place,261213565,261213566
501,West 36th Place,261213565,261164013
502,South Albany Avenue,261213566,261340477
503,West 36th Place,261213566,261132006
504,South Albany Avenue,261213566,261154075
505,West 36th Place,261213566,261213565
506,South Artesian Avenue,261222149,261163825
507,West 40th Street,261222149,261201104
508,West 40th Street,261222149,261295797
509,West Pope John Paul II Drive,261222150,261201105
510,South Artesian Avenue,261222150,261222151
511,West 44th Street,261222151,261201106
512,West 44th Street,261222151,261295801
513,South Artesian Avenue,261222151,261222152
514,West 45th Street,261222152,261223144
515,West 45th Street,261223143,261223144
516,South Western Boulevard,261223143,418457240
517,South Western Boulevard,261223143,261318340
518,South Western Avenue,261223144,261295801
519,South Western Avenue,261223144,261295803
520,West 45th Street,261223144,261223143
521,West 45th Street,261223145,261201107
522,West 45th Street,261223146,261223145
523,South Rockwell Street,261223146,261308998
524,West 45th Street,261223146,261162581
525,South Rockwell Street,261223146,261356254
526,South Washtenaw Avenue,261223147,261271695
527,West 45th Street,261223147,261162581
528,West 45th Street,261223147,261223148
529,South Fairfield Avenue,261223148,261309000
530,West 45th Street,261223148,261223147
531,West 45th Street,261223148,261142062
532,South Mozart Street,261223149,261259827
533,West 45th Street,261223149,261142062
534,West 45th Street,261223149,261163990
535,South Sacramento Avenue,261223150,261272707
536,South Sacramento Avenue,261223150,261309002
537,West 45th Street,261223150,261179910
538,West 45th Street,261223150,261194742
539,South Albany Avenue,261223151,261309004
540,West 45th Street,261223151,261194742
541,West 45th Street,261223151,261223152
542,South Troy Street,261223152,261231189
543,West 45th Street,261223152,261223151
544,West 45th Street,261223152,261131958
545,South Troy Street,261231187,261223152
546,West 44th Street,261231187,261131959
547,West 44th Street,261231187,261309004
548,South Troy Street,261231189,418461003
549,West 46th Street,261231189,261131955
550,West 46th Street,261231189,261272708
551,South Christiana Avenue,261249385,261302316
552,West 48th Place,261249385,261116691
553,West 48th Place,261249385,261131951
554,South Christiana Avenue,261249385,386424574
555,West 48th Place,261249391,261116691
556,South Rockwell Street,261256913,261339434
557,West 39th Place,261256913,261162575
558,South Rockwell Street,261256913,261193994
559,West 39th Place,261256915,261164017
560,South Sacramento Avenue,261256915,261313930
561,South Sacramento Avenue,261256915,261193999
562,West 39th Place,261256915,261256916
563,South Albany Avenue,261256916,261194001
564,West 39th Place,261256916,261131987
565,South Mozart Street,261259823,261259825
566,West Pope John Paul II Drive,261259823,261163988
567,South Mozart Street,261259825,261223149
568,West 44th Street,261259825,261163989
569,West 44th Street,261259825,261142061
570,South Mozart Street,261259827,256180896
571,West 46th Street,261259827,261163991
572,West 46th Street,261259827,261142063
573,South Mozart Street,261259857,261170352
574,West 36th Street,261259857,261142046
575,South Washtenaw Avenue,261271623,261271624
576,South Washtenaw Avenue,261271623,261170350
577,West 35th Place,261271623,261142045
578,West 35th Place,261271623,261293039
579,South Washtenaw Avenue,261271624,261213564
580,South Washtenaw Avenue,261271624,261271623
581,West 36th Street,261271624,261349991
582,West 36th Street,261271624,261142046
583,South Washtenaw Avenue,261271627,261193998
584,West 38th Place,261271627,261142052
585,West Pope John Paul II Drive,261271693,261336593
586,South Washtenaw Avenue,261271693,261271694
587,South Washtenaw Avenue,261271694,261223147
588,West 44th Street,261271694,261309000
589,West 44th Street,261271694,261162580
590,South Washtenaw Avenue,261271695,418458562
591,West 46th Street,261271695,261272706
592,West 46th Street,261271695,261162582
593,South Western Avenue,261272702,261148326
594,South Western Avenue,261272702,261295803
595,South Rockwell Street,261272704,261148327
596,West 46th Street,261272704,261272702
597,West 46th Street,261272704,261162582
598,South Rockwell Street,261272704,261356254
599,South Fairfield Avenue,261272706,261223148
600,West 46th Street,261272706,261142063
601,West 46th Street,261272706,261271695
602,South Sacramento Avenue,261272707,261223150
603,West 46th Street,261272707,261179911
604,West 46th Street,261272707,261194743
605,South Sacramento Avenue,261272707,418460536
606,South Albany Avenue,261272708,261223151
607,West 46th Street,261272708,261231189
608,West 46th Street,261272708,261194743
609,South Christiana Avenue,261272709,418462816
610,West 46th Street,261272709,261169909
611,West 46th Street,261272709,261213374
612,South Albany Avenue,261284673,261163821
613,"['West 42nd Place', 'South Albany Avenue']",261284673,418465903
614,South Western Boulevard,261284674,261163822
615,South Western Boulevard,261284674,261318340
616,South Rockwell Street,261293039,261349991
617,South Rockwell Street,261293039,261170349
618,West 35th Place,261293039,261271623
619,West 40th Street,261295797,261222149
620,South Western Avenue,261295797,261193986
621,South Western Avenue,261295797,261163824
622,West 43rd Street,261295799,261318340
623,West Pope John Paul II Drive,261295799,261222150
624,South Western Avenue,261295799,261163824
625,South Western Avenue,261295799,261295801
626,West 44th Street,261295801,261222151
627,South Western Avenue,261295801,261295799
628,South Western Avenue,261295801,261223144
629,West 45th Place,261295803,261356254
630,South Western Avenue,261295803,261223144
631,South Western Avenue,261295803,261272702
632,West 47th Place,261295805,261201158
633,South Western Avenue,261295805,418457154
634,South Western Avenue,261295805,261135283
635,South Sacramento Avenue,261297090,261167116
636,South Sacramento Avenue,261297090,261202670
637,South Albany Avenue,261297091,261202671
638,West 41st Street,261297091,261297090
639,South Rockwell Street,261301731,261163828
640,South Rockwell Street,261301731,261202672
641,"['South Montgomery Avenue', 'West Montgomery Avenue']",261301731,418468129
642,South Christiana Avenue,261302316,261249385
643,South Christiana Avenue,261302316,418461786
644,West 47th Place,261302316,261116689
645,West 47th Place,261302316,4606276639
646,West 43rd Street,261302410,261170061
647,West 43rd Street,261302410,261213410
648,South Christiana Avenue,261302411,261302410
649,West 44th Street,261302411,261170062
650,West 44th Street,261302411,261213411
651,West 44th Street,261308995,261308998
652,West 44th Street,261308995,261201106
653,South Maplewood Avenue,261308995,261223145
654,West 44th Street,261308998,261162580
655,West 44th Street,261308998,261308995
656,South Rockwell Street,261308998,261223146
657,South Rockwell Street,261308998,261336591
658,West 44th Street,261309000,261142061
659,West 44th Street,261309000,261271694
660,South Fairfield Avenue,261309000,261336593
661,South Sacramento Avenue,261309002,261223150
662,West 44th Street,261309002,261179909
663,West 44th Street,261309002,261194741
664,South Albany Avenue,261309004,261336595
665,West 44th Street,261309004,261231187
666,West 44th Street,261309004,261194741
667,West 38th Place,261313928,261335643
668,South Sacramento Avenue,261313928,261204050
669,South Sacramento Avenue,261313928,261193999
670,West 40th Street,261313930,261164018
671,South Sacramento Avenue,261313930,261202670
672,South Sacramento Avenue,261313930,261256915
673,West Pope John Paul II Drive,261313934,261194740
674,South Sacramento Avenue,261313934,261309002
675,West 43rd Street,261318340,261295799
676,South Western Boulevard,261318340,261223143
677,South Western Boulevard,261318340,261284674
678,West 47th Place,261329716,261116689
679,South Albany Avenue,261335643,261204052
680,West 38th Place,261335643,261132000
681,West 38th Place,261335645,261116700
682,South Maplewood Avenue,261336589,261308995
683,West Pope John Paul II Drive,261336589,261336591
684,West Pope John Paul II Drive,261336591,261162579
685,South Rockwell Street,261336591,261308998
686,South Rockwell Street,261336591,261163828
687,West Pope John Paul II Drive,261336593,261142060
688,South Fairfield Avenue,261336593,261163830
689,West Pope John Paul II Drive,261336595,418465614
690,West 40th Street,261339428,261313930
691,South Albany Avenue,261339428,261256916
692,South Brighton Place,261339432,261162577
693,West 40th Street,261339432,261162576
694,South Brighton Place,261339432,256180993
695,South Maplewood Avenue,261339433,261163827
696,West 40th Street,261339433,261339434
697,West 40th Street,261339433,261201104
698,South Rockwell Street,261339434,261202672
699,South Rockwell Street,261339434,261256913
700,West 40th Street,261339434,261339433
701,South Albany Avenue,261340477,261213566
702,West 36th Street,261340477,261132012
703,West 36th Street,261340477,261179923
704,West 36th Street,261349989,261349991
705,South Maplewood Avenue,261349989,705736864
706,South Maplewood Avenue,261349989,261170347
707,South Rockwell Street,261349991,261293039
708,West 36th Street,261349991,261271624
709,West 36th Street,261349991,261349989
710,South Rockwell Street,261349991,261213563
711,South Maplewood Avenue,261350104,261204045
712,South Maplewood Avenue,261350118,261204046
713,South Rockwell Street,261350118,261204048
714,South Rockwell Street,261350118,418468961
715,South Rockwell Street,261356254,261272704
716,South Rockwell Street,261356254,261223146
717,,347274753,261092787
718,"['Stevenson Expressway', 'Adlai Stevenson Expressway']",347274884,705744054
719,,347274884,261107945
720,South Christiana Avenue,386424574,261249385
721,South Drake Avenue,386448200,261198057
722,South St Louis Avenue,418455856,261116689
723,West 47th Street,418455856,418462129
724,West 47th Street,418455856,862969860
725,South Kedzie Avenue,418456252,261131953
726,South Kedzie Avenue,418456252,261131955
727,West 47th Street,418456252,418461003
728,West 47th Street,418456252,418461297
729,South California Avenue,418456769,261142065
730,South California Avenue,418456769,261142063
731,West 47th Street,418456769,256180896
732,West 47th Street,418456769,418458953
733,West 47th Street,418457154,418457998
734,South Western Avenue,418457154,261295805
735,South Western Avenue,418457154,261148326
736,West 47th Street,418457154,418457240
737,South Western Boulevard,418457240,261223143
738,West 47th Street,418457240,418457154
739,South Campbell Avenue,418457998,261201158
740,West 47th Street,418457998,418458053
741,West 47th Street,418457998,418457154
742,South Maplewood Avenue,418458053,261135281
743,West 47th Street,418458053,418458131
744,West 47th Street,418458053,418457998
745,West 47th Street,418458131,418458590
746,West 47th Street,418458131,418458053
747,South Rockwell Street,418458131,261135280
748,South Rockwell Street,418458131,261148327
749,West 47th Street,418458562,418458953
750,West 47th Street,418458562,418458590
751,"['West 48th Street', 'South Washtenaw Avenue']",418458562,261135279
752,South Talman Avenue,418458590,261162582
753,West 47th Street,418458590,418458562
754,West 47th Street,418458590,418458131
755,South Fairfield Avenue,418458953,261272706
756,West 47th Street,418458953,418456769
757,West 47th Street,418458953,418458562
758,"['South Fairfield Avenue', 'West 48th Street']",418458953,261135276
759,West 47th Place,418459380,261142065
760,South Francisco Avenue,418460342,261163991
761,West 47th Street,418460342,418460432
762,West 47th Street,418460342,256180896
763,"['South Richmond Street', 'West 48th Place']",418460432,261142068
764,West 47th Street,418460432,418460536
765,West 47th Street,418460432,418460342
766,West 47th Street,418460536,418460744
767,West 47th Street,418460536,418460432
768,"['West 48th Place', 'South Whipple Street']",418460744,261131950
769,West 47th Street,418460744,418460871
770,West 47th Street,418460744,418460536
771,South Albany Avenue,418460871,261272708
772,West 47th Street,418460871,418461003
773,West 47th Street,418460871,418460744
774,West 47th Street,418461003,418456252
775,West 47th Street,418461003,418460871
776,South Sawyer Avenue,418461297,261199216
777,West 47th Street,418461297,418461413
778,West 47th Street,418461297,418456252
779,West 47th Street,418461413,4606276640
780,West 47th Street,418461413,418461297
781,South Christiana Avenue,418461786,261302316
782,West 47th Street,418461786,256180897
783,West 47th Street,418461786,418461925
784,West 47th Street,418461925,418461995
785,West 47th Street,418461925,418461786
786,South Trumbull Avenue,418461995,261184337
787,West 47th Street,418461995,418462129
788,West 47th Street,418461995,418461925
789,West 47th Street,418462129,418455856
790,West 47th Street,418462129,418461995
791,South Archer Avenue,418462352,418462530
792,South Archer Avenue,418462352,3952947160
793,South Saint Louis Avenue,418462352,418462129
794,South Archer Avenue,418462530,418463721
795,South Archer Avenue,418462530,418462352
796,South Archer Avenue,418462697,418463721
797,South Archer Avenue,418462697,5485497436
798,South Homan Avenue,418462697,261169909
799,South Archer Avenue,418462816,418463389
800,South Archer Avenue,418462816,5485497436
801,South Archer Avenue,418463071,418472336
802,South Archer Avenue,418463071,418463389
803,South Archer Avenue,418463163,418464569
804,South Archer Avenue,418463163,418472336
805,South Archer Avenue,418463389,418462816
806,South Archer Avenue,418463389,418463071
807,South Christiana Avenue,418463389,261302411
808,South Archer Avenue,418463721,418462697
809,South Archer Avenue,418463721,418462530
810,South Trumbull Avenue,418463721,261184377
811,South Sawyer Avenue,418464569,261199259
812,South Archer Avenue,418464569,418465382
813,South Archer Avenue,418464569,418463163
814,South Archer Avenue,418465049,418465614
815,South Archer Avenue,418465049,418465382
816,South Troy Street,418465049,261231187
817,South Archer Avenue,418465382,418464569
818,South Archer Avenue,418465382,418465049
819,South Kedzie Avenue,418465382,261131959
820,South Kedzie Avenue,418465382,261131962
821,South Archer Avenue,418465614,418465903
822,South Archer Avenue,418465614,418465049
823,West 43rd Street,418465614,261131962
824,South Archer Avenue,418465903,5485497464
825,South Archer Avenue,418465903,418465614
826,"['West 42nd Place', 'South Albany Avenue']",418465903,261284673
827,South Sacramento Avenue,418466663,261163820
828,South Archer Avenue,418466663,5485497464
829,South Archer Avenue,418466663,418466972
830,South Sacramento Avenue,418466663,261313934
831,South Archer Avenue,418466972,418467021
832,South Richmond Street,418466972,261163833
833,South Archer Avenue,418466972,418466663
834,South Archer Avenue,418467021,418467152
835,South Archer Avenue,418467021,418466972
836,South Richmond Street,418467021,261179927
837,South Archer Avenue,418467152,418467021
838,South Archer Avenue,418467152,418467541
839,South Francisco Avenue,418467541,261164019
840,South Archer Avenue,418467541,418471135
841,South Archer Avenue,418467541,418467152
842,South Mozart Street,418467708,261163831
843,South Archer Avenue,418468129,256180993
844,South Archer Avenue,418468129,418471135
845,West 39th Place,418468475,261162575
846,South Archer Avenue,418468475,256180994
847,South Archer Avenue,418468475,256180993
848,South Rockwell Street,418468961,261193994
849,South Archer Avenue,418468961,256180994
850,South Rockwell Street,418468961,261350118
851,South Archer Avenue,418468961,418469311
852,South Campbell Avenue,418469311,261201101
853,South Archer Avenue,418469311,418469871
854,South Campbell Avenue,418469311,261193993
855,South Archer Avenue,418469311,418468961
856,South Artesian Avenue,418469506,6823889649
857,South Archer Avenue,418469506,418469871
858,West 38th Street,418469871,261201101
859,South Archer Avenue,418469871,418469311
860,South Archer Avenue,418469871,418469506
861,South California Avenue,418471135,261142056
862,South California Avenue,418471135,261142058
863,South Archer Avenue,418471135,418467541
864,South Archer Avenue,418471135,418468129
865,West 41st Street,418471596,261142058
866,South Archer Avenue,418472336,418463163
867,South Archer Avenue,418472336,418463071
868,South Campbell Avenue,537959777,261201101
869,South Homan Avenue,538475024,261154072
870,South Maplewood Avenue,705736864,261349989
871,West 47th Street,862969860,4972562894
872,South Drake Avenue,862969860,5485497449
873,West 47th Street,862969860,418455856
874,West 36th Street,1895426602,261132012
875,South Washtenaw Avenue,1895488628,261163829
876,South Saint Louis Avenue,2203298433,261116699
877,South Western Avenue,2293272240,261135283
878,"['West 42nd Street', 'West 41st Street', 'South Oakley Avenue']",2293275898,261163822
879,South Western Boulevard,2293275898,261163822
880,South Western Boulevard,2293275898,261193981
881,West 46th Street,2352761093,261199216
882,West Pershing Road,3200955979,261116701
883,West 38th Street,3270264066,261116699
884,South Rockwell Street,3903672039,261135280
885,South Archer Avenue,3952947160,5485497449
886,South Drake Avenue,3952947160,261198058
887,South Archer Avenue,3952947160,418462352
888,West 47th Place,4606276639,261302316
889,West 47th Place,4606276639,261131953
890,South Spaulding Avenue,4606276639,4606276640
891,West 47th Street,4606276640,418461413
892,West 47th Street,4606276640,256180897
893,South Spaulding Avenue,4606276640,4606276639
894,South Archer Avenue,4972562861,5485497449
895,West 47th Street,4972562894,862969860
896,,4972562894,4972562861
897,,5087655868,261110961
898,,5087655868,5087655869
899,South California Avenue,5087655869,261142044
900,South California Avenue,5087655869,261110961
901,South California Avenue,5087655873,261142044
902,West 35th Street,5087655873,261170352
903,South California Avenue,5087655873,261142045
904,South Sacramento Avenue,5197166012,261213565
905,South Archer Avenue,5485497436,418462816
906,South Archer Avenue,5485497436,418462697
907,South Archer Avenue,5485497449,3952947160
908,South Archer Avenue,5485497449,4972562861
909,South Drake Avenue,5485497449,862969860
910,South Archer Avenue,5485497464,418465903
911,South Archer Avenue,5485497464,418466663
912,South Whipple Street,5485497464,261194740
913,West Pershing Road,6823889649,261193991
914,South Artesian Avenue,6823889649,418469506
915,West Pershing Road,6823889649,261193986
916,South California Avenue,7625126088,261142054
917,South California Avenue,7625126088,261142053
918,West 39th Place,7625126088,261164017
